{
    "alltrain.csv": 0.6660514792567227,
    "ant1train.csv": 0.5,
    "ivy2train.csv": 0.5,
    "jedit4train.csv": 0.5,
    "lucene2train.csv": 0.5,
    "synapse1train.csv": 0.5,
    "velocity1train.csv": 0.5,
    "xalan2train.csv": 0.6405696018599245
}