{
    "alltrain.csv": 0.7550553725843571,
    "cm1train.csv": 0.5,
    "kc3train.csv": 0.5,
    "mc2train.csv": 0.5,
    "mw1train.csv": 0.5,
    "pc1train.csv": 0.5,
    "pc3train.csv": 0.7744697213055709,
    "pc4train.csv": 0.8403278278278278,
    "pc5train.csv": 0.7007369226347467
}