{
    "alltrain.csv": 0.7972240959602402,
    "cm1train.csv": 0.5233333333333334,
    "kc3train.csv": 0.5,
    "mc2train.csv": 0.5,
    "mw1train.csv": 0.7343594836146972,
    "pc1train.csv": 0.7964213891610376,
    "pc3train.csv": 0.7954260147423311,
    "pc4train.csv": 0.9079171337235854,
    "pc5train.csv": 0.7372399106270074
}