{
    "alltrain.csv": 0.7881064854076989,
    "cm1train.csv": 0.5,
    "kc3train.csv": 0.5,
    "mc2train.csv": 0.5,
    "mw1train.csv": 0.5,
    "pc1train.csv": 0.8046195222274957,
    "pc3train.csv": 0.7882572970321314,
    "pc4train.csv": 0.8204146047455907,
    "pc5train.csv": 0.7223383888080775
}